Proveedor,Tipo,Especialidad,Cobertura_Geografica,Capacidad_Mensual,Costo_Prueba_USD,Tiempo_Procesamiento_Dias,Confiabilidad,Contacto_Recomendado
Neogen Igenity,Global,Perros y Ganado,Latinoamérica,50000,25-35,7-10,Muy Alta,neogen.com
ABS Global De Novo,Global,Ganado Holstein,Latinoamérica,30000,28-38,7-10,Muy Alta,absglobal.com
Amplicare Lab,Regional,Perros y Ganado,México,15000,22-32,5-7,Alta,amplicare.com.mx
Zoetis Genetics,Global,Perros y Ganado,Latinoamérica,40000,26-36,7-10,Muy Alta,zoetis.com
VetGen,Regional,Perros,USA/Latinoamérica,20000,20-30,5-7,Alta,vetgen.com
Embark Genomics,Regional,Perros,USA,30000,18-28,5-7,Alta,embarkvetcom
UC Davis VGL,Regional,Perros,USA,25000,19-29,5-7,Alta,vgl.ucdavis.edu
Geneseek,Regional,Ganado,USA,20000,25-35,7-10,Alta,neogen.com/geneseek
Hendrix Genetics,Global,Ganado,Latinoamérica,25000,30-40,7-10,Muy Alta,hendrix-genetics.com
Associação Holstein Brasil,Regional,Ganado,Brasil,10000,24-34,7-10,Alta,holstein.com.br
